{
  "project": {
    "version": "1.0.0-beta.32.3",
    "name": "StudioWeb"
  },
  "apps": [
    {
      "root": "src",
      "outDir": "dist",
      "assets": [
        "assets",
        "favicon.ico",
        "manifest.json",
        "service-worker.js"
      ],
      "index": "index.html",
      "main": "main.ts",
      "test": "test.ts",
      "tsconfig": "tsconfig.json",
      "prefix": "app",
      "mobile": false,
      "styles": [
        "../node_modules/font-awesome/css/font-awesome.css",
        "../node_modules/bootstrap/dist/css/bootstrap.min.css",
        "../node_modules/ng2-toastr/ng2-toastr.css",
        "../node_modules/primeng/resources/themes/bootstrap/theme.css",
        "../node_modules/primeng/resources/primeng.min.css",
        "./libs/bootstrap-timepicker/css/bootstrap-timepicker.css",
        "./libs/minicolors/jquery.minicolors.css",
        "./libs/ruler/ruler.css",
        "./styles/style.css",
        "./styles/jquery.timepicker.min.css"
      ],
      "scripts": [
        "../node_modules/jquery/dist/jquery.min.js",
        "./libs/jquery.base64.js",
        "./libs/jquery-ui.js",
        "./libs/jquery.knob.min.js",
        "./libs/flashdetect/flashdetect.js",
        "./libs/rc4v1/rc4v1.js",
        "./libs/rc4v2/rc4v2.js",
        "./libs/qrcode/qrcode.js",
        "./libs/bootstrap-timepicker/js/bootstrap-timepicker.min.js",
        "./libs/jquery.timepicker/jquery.timepicker.min.js",
        "./libs/contextmenu/bootstrap-contextmenu.js",
        "./libs/stop-watch/stop-watch.js",
        "./store/signage_sdk.js",
        "../node_modules/bootstrap/dist/js/bootstrap.js",
        "../node_modules/bootbox/bootbox.js",
        "../node_modules/platform/platform.js",
        "./libs/fabric.require1-4-12.js",
        "./libs/minicolors/jquery.minicolors.js",
        "./libs/gradient/colorpicker.js",
        "./libs/xml2js/xml2js.js",
        "./libs/gradient/jquery.gradientpicker.js",
        "./libs/enjoyhint/enjoyhint.js",
        "../node_modules/xdate/src/xdate.js",
        "./libs/ruler/ruler.js"
      ],
      "environmentSource": "environments/environment.ts",
      "environments": {
        "dev": "environments/environment.ts",
        "hmr": "environments/environment.hmr.ts",
        "prod": "environments/environment.prod.ts"
      }
    }
  ],
  "addons": [
    "../node_modules/font-awesome/fonts/*.+(otf|eot|svg|ttf|woff|woff2)",
    "./styles/fonts//montserrat.woff2"
  ],
  "packages": [],
  "e2e": {
    "protractor": {
      "config": "./protractor.conf.js"
    }
  },
  "test": {
    "karma": {
      "config": "./karma.conf.js"
    }
  },
  "defaults": {
    "styleExt": "css",
    "prefixInterfaces": false,
    "inline": {
      "style": false,
      "template": false
    },
    "spec": {
      "class": false,
      "component": true,
      "directive": true,
      "module": false,
      "pipe": true,
      "service": true
    }
  }
}
