<?xml version="1.0" encoding="UTF-8"?>
<Report>
   <Fields>
      <ExtStat>stationId,packageId,packageContentId,packageName,contentName,day,hour,counts,duration,mph,rate</ExtStat>
      <LocalStat>stationId,localContentId,day,hour,counts,duration,mph,rate</LocalStat>
   </Fields>
   <Data>
      <Domain name="signage.me">
         <Business businessId="367626">
            <LocalStat>14,136,3,8,9,1214.9,0.221447,0</LocalStat>
            <LocalStat>14,136,3,9,14,1889.8,0.442799,0</LocalStat>
            <LocalStat>14,136,3,10,14,1856.2,0.383568,0</LocalStat>
            <LocalStat>14,136,3,11,14,1890.1,0.456984,0</LocalStat>
            <LocalStat>14,136,3,12,14,1848.5,0.41431,0</LocalStat>
            <LocalStat>14,136,3,13,13,1754.9,0.39168,0</LocalStat>
            <LocalStat>14,136,3,14,14,1890.2,0.457008,0</LocalStat>
            <LocalStat>14,136,3,15,14,1890.2,0.457008,0</LocalStat>
            <LocalStat>14,136,3,16,14,1890.1,0.456983,0</LocalStat>
            <LocalStat>14,136,3,17,14,1890,0.45696,0</LocalStat>
            <LocalStat>14,136,3,18,14,1890.2,0.457008,0</LocalStat>
            <LocalStat>14,136,3,19,14,1890.1,0.456984,0</LocalStat>
            <LocalStat>14,136,3,20,14,1890,0.45696,0</LocalStat>
            <LocalStat>14,136,3,21,14,1890.2,0.457008,0</LocalStat>
            <LocalStat>14,136,3,22,15,2025.3,0.489672,0</LocalStat>
            <LocalStat>14,136,3,23,14,1889.9,0.456935,0</LocalStat>
            <LocalStat>14,136,4,0,14,1890.3,0.457031,0</LocalStat>
            <LocalStat>14,136,4,1,14,1890.2,0.457008,0</LocalStat>
            <LocalStat>14,136,4,2,14,1890.2,0.457008,0</LocalStat>
            <LocalStat>14,136,4,3,14,1890.2,0.457007,0</LocalStat>
            <LocalStat>14,136,4,4,14,1890.1,0.456984,0</LocalStat>
            <LocalStat>14,136,4,5,14,1889.9,0.42432,0</LocalStat>
            <LocalStat>14,136,4,6,14,1889.9,0.456935,0</LocalStat>
            <LocalStat>14,136,4,7,14,1889.9,0.456935,0</LocalStat>
            <LocalStat>14,136,4,8,14,1890.2,0.457007,0</LocalStat>
            <LocalStat>14,136,4,9,14,1890,0.45696,0</LocalStat>
            <LocalStat>14,136,4,10,15,2024.9,0.489575,0</LocalStat>
            <LocalStat>14,136,4,11,14,1889.9,0.456935,0</LocalStat>
            <LocalStat>14,136,4,12,14,1889.7,0.42427,0</LocalStat>
            <LocalStat>14,136,4,13,14,1889.6,0.45686,0</LocalStat>
            <LocalStat>14,136,4,14,14,1890,0.456959,0</LocalStat>
            <LocalStat>14,136,4,15,14,1889.7,0.456885,0</LocalStat>
            <LocalStat>14,136,4,16,14,1889.9,0.456935,0</LocalStat>
            <LocalStat>14,136,4,17,14,1889.9,0.456935,0</LocalStat>
            <LocalStat>14,136,4,18,14,1890,0.45696,0</LocalStat>
            <LocalStat>14,136,4,19,15,2024.9,0.489575,0</LocalStat>
            <LocalStat>14,136,4,20,14,1889.9,0.456934,0</LocalStat>
            <LocalStat>14,136,4,21,14,1889.9,0.456935,0</LocalStat>
            <LocalStat>14,136,4,22,14,1889.8,0.45691,0</LocalStat>
            <LocalStat>14,136,4,23,14,1889.9,0.456935,0</LocalStat>
            <LocalStat>14,136,5,0,14,1889.9,0.456935,0</LocalStat>
            <LocalStat>14,136,5,1,14,1890.2,0.457008,0</LocalStat>
            <LocalStat>14,136,5,2,14,1890.2,0.457008,0</LocalStat>
            <LocalStat>14,136,5,3,14,1890,0.456959,0</LocalStat>
            <LocalStat>14,136,5,4,14,1889.7,0.456885,0</LocalStat>
            <LocalStat>14,136,5,5,14,1890.1,0.424368,0</LocalStat>
            <LocalStat>14,136,5,6,14,1890,0.45696,0</LocalStat>
            <LocalStat>14,136,5,7,14,1890,0.45696,0</LocalStat>
            <LocalStat>14,136,5,8,13,1716.2,0.349707,0</LocalStat>
            <LocalStat>14,136,5,9,14,1890.2,0.457008,0</LocalStat>
            <LocalStat>14,136,5,10,9,1215.3,0.293832,0</LocalStat>
            <LocalStat>14,136,7,12,2,27.4,0,0</LocalStat>
            <LocalStat>14,136,7,13,13,1756.2,0.391992,0</LocalStat>
            <LocalStat>14,136,7,14,14,1891.8,0.457392,0</LocalStat>
            <LocalStat>14,136,7,15,15,2026.4,0.489936,0</LocalStat>
            <LocalStat>14,136,7,16,14,1892,0.45744,0</LocalStat>
            <LocalStat>14,136,7,17,14,1892.3,0.457512,0</LocalStat>
            <LocalStat>14,136,7,18,14,1891.5,0.45732,0</LocalStat>
            <LocalStat>14,136,7,19,14,1891.2,0.457248,0</LocalStat>
            <LocalStat>14,136,7,20,14,1891.2,0.457248,0</LocalStat>
            <LocalStat>14,136,7,21,14,1891.5,0.45732,0</LocalStat>
            <LocalStat>14,136,7,22,14,1891.4,0.457296,0</LocalStat>
            <LocalStat>14,136,7,23,14,1891.5,0.45732,0</LocalStat>
            <LocalStat>14,136,8,0,14,1891.7,0.457368,0</LocalStat>
            <LocalStat>14,136,8,1,14,1891.8,0.457391,0</LocalStat>
            <LocalStat>14,136,8,2,14,1891.1,0.457224,0</LocalStat>
            <LocalStat>14,136,8,3,15,2026.7,0.490008,0</LocalStat>
            <LocalStat>14,136,8,4,13,1756.8,0.424752,0</LocalStat>
            <LocalStat>14,136,8,5,14,1889.9,0.424319,0</LocalStat>
            <LocalStat>14,136,8,6,14,1889.7,0.456884,0</LocalStat>
            <LocalStat>14,136,8,7,14,1890.1,0.456984,0</LocalStat>
            <LocalStat>14,136,8,8,13,1755,0.391703,0</LocalStat>
            <LocalStat>14,136,8,9,14,1889.8,0.45691,0</LocalStat>
            <LocalStat>14,136,8,10,15,2025,0.489599,0</LocalStat>
            <LocalStat>14,136,8,11,4,539.9,0.130535,0</LocalStat>
            <LocalStat>14,136,8,12,9,1047.5,0.195815,0</LocalStat>
            <LocalStat>14,136,8,13,2,515.1,0.124539,0</LocalStat>
            <LocalStat>14,137,3,8,8,481,0.112702,0</LocalStat>
            <LocalStat>14,137,3,9,15,901.5,0.21123,0</LocalStat>
            <LocalStat>14,137,3,10,12,699.9,0.165785,0</LocalStat>
            <LocalStat>14,137,3,11,14,841.9,0.203545,0</LocalStat>
            <LocalStat>14,137,3,12,13,781.4,0.188915,0</LocalStat>
            <LocalStat>14,137,3,13,13,781.4,0.188916,0</LocalStat>
            <LocalStat>14,137,3,14,14,841.5,0.203446,0</LocalStat>
            <LocalStat>14,137,3,15,14,841.4,0.203421,0</LocalStat>
            <LocalStat>14,137,3,16,14,841.4,0.20342,0</LocalStat>
            <LocalStat>14,137,3,17,15,901.8,0.218025,0</LocalStat>
            <LocalStat>14,137,3,18,14,841.3,0.203397,0</LocalStat>
            <LocalStat>14,137,3,19,14,841.3,0.203396,0</LocalStat>
            <LocalStat>14,137,3,20,14,841.6,0.203471,0</LocalStat>
            <LocalStat>14,137,3,21,14,841.3,0.203396,0</LocalStat>
            <LocalStat>14,137,3,22,14,841.4,0.20342,0</LocalStat>
            <LocalStat>14,137,3,23,14,841.4,0.203421,0</LocalStat>
            <LocalStat>14,137,4,0,14,841.3,0.203397,0</LocalStat>
            <LocalStat>14,137,4,1,14,841.5,0.203447,0</LocalStat>
            <LocalStat>14,137,4,2,14,841.6,0.20347,0</LocalStat>
            <LocalStat>14,137,4,3,15,901.6,0.217976,0</LocalStat>
            <LocalStat>14,137,4,4,14,841.4,0.203421,0</LocalStat>
            <LocalStat>14,137,4,5,14,841.7,0.203495,0</LocalStat>
            <LocalStat>14,137,4,6,14,841.4,0.20342,0</LocalStat>
            <LocalStat>14,137,4,7,14,841.4,0.20342,0</LocalStat>
            <LocalStat>14,137,4,8,14,841.3,0.203396,0</LocalStat>
            <LocalStat>14,137,4,9,14,841.3,0.203396,0</LocalStat>
            <LocalStat>14,137,4,10,14,841.3,0.203396,0</LocalStat>
            <LocalStat>14,137,4,11,14,841.4,0.20342,0</LocalStat>
            <LocalStat>14,137,4,12,14,813.4,0.196651,0</LocalStat>
            <LocalStat>14,137,4,13,14,841.3,0.203396,0</LocalStat>
            <LocalStat>14,137,4,14,15,901.2,0.217878,0</LocalStat>
            <LocalStat>14,137,4,15,14,841.3,0.203396,0</LocalStat>
            <LocalStat>14,137,4,16,14,841.4,0.20342,0</LocalStat>
            <LocalStat>14,137,4,17,14,841.3,0.203396,0</LocalStat>
            <LocalStat>14,137,4,18,14,841.2,0.203372,0</LocalStat>
            <LocalStat>14,137,4,19,14,841.4,0.20342,0</LocalStat>
            <LocalStat>14,137,4,20,14,841.3,0.203396,0</LocalStat>
            <LocalStat>14,137,4,21,14,841.2,0.203372,0</LocalStat>
            <LocalStat>14,137,4,22,14,840.9,0.2033,0</LocalStat>
            <LocalStat>14,137,4,23,14,841.3,0.203396,0</LocalStat>
            <LocalStat>14,137,5,0,15,901.3,0.217902,0</LocalStat>
            <LocalStat>14,137,5,1,14,841.4,0.20342,0</LocalStat>
            <LocalStat>14,137,5,2,14,841.2,0.203372,0</LocalStat>
            <LocalStat>14,137,5,3,14,841.4,0.203421,0</LocalStat>
            <LocalStat>14,137,5,4,14,841.4,0.20342,0</LocalStat>
            <LocalStat>14,137,5,5,13,781.3,0.18889,0</LocalStat>
            <LocalStat>14,137,5,6,15,901.4,0.217926,0</LocalStat>
            <LocalStat>14,137,5,7,14,841.2,0.203372,0</LocalStat>
            <LocalStat>14,137,5,8,11,637.2,0.154052,0</LocalStat>
            <LocalStat>14,137,5,9,14,841.3,0.203396,0</LocalStat>
            <LocalStat>14,137,5,10,9,540.9,0.13077,0</LocalStat>
            <LocalStat>14,137,7,13,13,782.8,0.18926,0</LocalStat>
            <LocalStat>14,137,7,14,14,843.1,0.203841,0</LocalStat>
            <LocalStat>14,137,7,15,14,842.7,0.203742,0</LocalStat>
            <LocalStat>14,137,7,16,14,842.8,0.203765,0</LocalStat>
            <LocalStat>14,137,7,17,14,842.7,0.203741,0</LocalStat>
            <LocalStat>14,137,7,18,14,842.3,0.203643,0</LocalStat>
            <LocalStat>14,137,7,19,14,842.8,0.203765,0</LocalStat>
            <LocalStat>14,137,7,20,14,843.1,0.203839,0</LocalStat>
            <LocalStat>14,137,7,21,15,904,0.218564,0</LocalStat>
            <LocalStat>14,137,7,22,14,842.6,0.203717,0</LocalStat>
            <LocalStat>14,137,7,23,14,842.7,0.203741,0</LocalStat>
            <LocalStat>14,137,8,0,14,842.5,0.203693,0</LocalStat>
            <LocalStat>14,137,8,1,14,842.9,0.203792,0</LocalStat>
            <LocalStat>14,137,8,2,14,842.3,0.203642,0</LocalStat>
            <LocalStat>14,137,8,3,14,842.8,0.203767,0</LocalStat>
            <LocalStat>14,137,8,4,14,842.1,0.203595,0</LocalStat>
            <LocalStat>14,137,8,5,14,841.4,0.20342,0</LocalStat>
            <LocalStat>14,137,8,6,14,841.4,0.20342,0</LocalStat>
            <LocalStat>14,137,8,7,14,841.3,0.203396,0</LocalStat>
            <LocalStat>14,137,8,8,13,781.2,0.188866,0</LocalStat>
            <LocalStat>14,137,8,9,14,841.4,0.20342,0</LocalStat>
            <LocalStat>14,137,8,10,14,841.4,0.20342,0</LocalStat>
            <LocalStat>14,137,8,11,5,300.5,0.07265,0</LocalStat>
            <LocalStat>14,137,8,12,6,360.6,0.08718,0</LocalStat>
            <LocalStat>14,137,8,13,1,60.1,0.01453,0</LocalStat>
            <LocalStat>14,138,3,8,7,420.7,0.098574,0</LocalStat>
            <LocalStat>14,138,3,9,14,841.3,0.197123,0</LocalStat>
            <LocalStat>14,138,3,10,12,721.4,0.170824,0</LocalStat>
            <LocalStat>14,138,3,11,14,841.6,0.20347,0</LocalStat>
            <LocalStat>14,138,3,12,13,781.5,0.18894,0</LocalStat>
            <LocalStat>14,138,3,13,13,781.3,0.18889,0</LocalStat>
            <LocalStat>14,138,3,14,14,841.4,0.203421,0</LocalStat>
            <LocalStat>14,138,3,15,14,841.6,0.20347,0</LocalStat>
            <LocalStat>14,138,3,16,14,841.7,0.203495,0</LocalStat>
            <LocalStat>14,138,3,17,14,841.4,0.20342,0</LocalStat>
            <LocalStat>14,138,3,18,14,841.6,0.203471,0</LocalStat>
            <LocalStat>14,138,3,19,15,901.8,0.218025,0</LocalStat>
            <LocalStat>14,138,3,20,14,841.6,0.20347,0</LocalStat>
            <LocalStat>14,138,3,21,14,841.5,0.203446,0</LocalStat>
            <LocalStat>14,138,3,22,14,841.4,0.20342,0</LocalStat>
            <LocalStat>14,138,3,23,14,841.4,0.203421,0</LocalStat>
            <LocalStat>14,138,4,0,14,841.6,0.20347,0</LocalStat>
            <LocalStat>14,138,4,1,14,841.3,0.203397,0</LocalStat>
            <LocalStat>14,138,4,2,14,841.4,0.20342,0</LocalStat>
            <LocalStat>14,138,4,3,14,841.3,0.203396,0</LocalStat>
            <LocalStat>14,138,4,4,14,841.4,0.203421,0</LocalStat>
            <LocalStat>14,138,4,5,13,781.4,0.188915,0</LocalStat>
            <LocalStat>14,138,4,6,14,841.2,0.203373,0</LocalStat>
            <LocalStat>14,138,4,7,14,841.5,0.203445,0</LocalStat>
            <LocalStat>14,138,4,8,15,901.6,0.217975,0</LocalStat>
            <LocalStat>14,138,4,9,14,841.4,0.20342,0</LocalStat>
            <LocalStat>14,138,4,10,14,841.4,0.203421,0</LocalStat>
            <LocalStat>14,138,4,11,14,841.4,0.20342,0</LocalStat>
            <LocalStat>14,138,4,12,13,781.2,0.188866,0</LocalStat>
            <LocalStat>14,138,4,13,14,841.3,0.203396,0</LocalStat>
            <LocalStat>14,138,4,14,14,841.4,0.20342,0</LocalStat>
            <LocalStat>14,138,4,15,14,841.3,0.203396,0</LocalStat>
            <LocalStat>14,138,4,16,14,841.4,0.203421,0</LocalStat>
            <LocalStat>14,138,4,17,15,901.7,0.218,0</LocalStat>
            <LocalStat>14,138,4,18,14,841.4,0.20342,0</LocalStat>
            <LocalStat>14,138,4,19,14,841.4,0.20342,0</LocalStat>
            <LocalStat>14,138,4,20,14,841.4,0.20342,0</LocalStat>
            <LocalStat>14,138,4,21,14,841.4,0.203421,0</LocalStat>
            <LocalStat>14,138,4,22,14,841.4,0.20342,0</LocalStat>
            <LocalStat>14,138,4,23,14,841.2,0.203372,0</LocalStat>
            <LocalStat>14,138,5,0,14,841.6,0.20347,0</LocalStat>
            <LocalStat>14,138,5,1,14,841.3,0.203396,0</LocalStat>
            <LocalStat>14,138,5,2,14,841.4,0.20342,0</LocalStat>
            <LocalStat>14,138,5,3,15,901.5,0.217952,0</LocalStat>
            <LocalStat>14,138,5,4,14,841.5,0.203445,0</LocalStat>
            <LocalStat>14,138,5,5,13,781.2,0.188866,0</LocalStat>
            <LocalStat>14,138,5,6,14,841.4,0.20342,0</LocalStat>
            <LocalStat>14,138,5,7,14,841.5,0.203445,0</LocalStat>
            <LocalStat>14,138,5,8,11,661.2,0.159855,0</LocalStat>
            <LocalStat>14,138,5,9,14,841.6,0.20347,0</LocalStat>
            <LocalStat>14,138,5,10,9,541,0.130795,0</LocalStat>
            <LocalStat>14,138,7,13,13,782.7,0.189236,0</LocalStat>
            <LocalStat>14,138,7,14,14,842.8,0.203766,0</LocalStat>
            <LocalStat>14,138,7,15,14,843.1,0.203838,0</LocalStat>
            <LocalStat>14,138,7,16,14,842.9,0.20379,0</LocalStat>
            <LocalStat>14,138,7,17,14,842.5,0.203693,0</LocalStat>
            <LocalStat>14,138,7,18,14,843.3,0.203888,0</LocalStat>
            <LocalStat>14,138,7,19,14,842.9,0.203791,0</LocalStat>
            <LocalStat>14,138,7,20,14,843.1,0.203841,0</LocalStat>
            <LocalStat>14,138,7,21,14,843,0.203814,0</LocalStat>
            <LocalStat>14,138,7,22,14,843.2,0.203865,0</LocalStat>
            <LocalStat>14,138,7,23,14,843,0.203815,0</LocalStat>
            <LocalStat>14,138,8,0,15,902.7,0.218248,0</LocalStat>
            <LocalStat>14,138,8,1,14,842.4,0.203669,0</LocalStat>
            <LocalStat>14,138,8,2,14,843.1,0.203837,0</LocalStat>
            <LocalStat>14,138,8,3,14,842.4,0.203667,0</LocalStat>
            <LocalStat>14,138,8,4,14,842.8,0.203766,0</LocalStat>
            <LocalStat>14,138,8,5,13,781.1,0.188842,0</LocalStat>
            <LocalStat>14,138,8,6,14,841.4,0.20342,0</LocalStat>
            <LocalStat>14,138,8,7,14,841.4,0.203421,0</LocalStat>
            <LocalStat>14,138,8,8,14,793.3,0.191791,0</LocalStat>
            <LocalStat>14,138,8,9,14,841.3,0.203397,0</LocalStat>
            <LocalStat>14,138,8,10,14,841.5,0.203445,0</LocalStat>
            <LocalStat>14,138,8,11,4,240.4,0.05812,0</LocalStat>
            <LocalStat>14,138,8,12,6,360.8,0.08723,0</LocalStat>
            <LocalStat>14,138,8,13,1,60.1,0.01453,0</LocalStat>
            <LocalStat>18,136,2,15,2,269.9,0.06324,0</LocalStat>
            <LocalStat>18,136,2,16,1,134.9,0.031608,0</LocalStat>
            <LocalStat>18,137,2,15,1,60,0.014058,0</LocalStat>
            <LocalStat>18,137,2,16,2,120.1,0.02814,0</LocalStat>
            <LocalStat>18,138,2,15,2,120.1,0.02814,0</LocalStat>
            <LocalStat>18,138,2,16,2,120,0.028116,0</LocalStat>
            <LocalStat>19,136,3,12,1,134.9,0,0</LocalStat>
            <LocalStat>19,136,3,13,14,1398.6,0.156452,0</LocalStat>
            <LocalStat>19,136,3,16,2,270.3,0.032736,0</LocalStat>
            <LocalStat>19,136,4,13,7,9960.4,2.301675,0</LocalStat>
            <LocalStat>19,137,3,12,1,66.1,0.015981,0</LocalStat>
            <LocalStat>19,137,3,13,5,304.1,0.073522,0</LocalStat>
            <LocalStat>19,137,3,16,1,60.5,0.014627,0</LocalStat>
            <LocalStat>19,137,4,13,4,244.5,0.059113,0</LocalStat>
            <LocalStat>19,138,3,12,1,93.9,0.022702,0</LocalStat>
            <LocalStat>19,138,3,13,5,303.3,0.073329,0</LocalStat>
            <LocalStat>19,138,3,16,1,61.2,0.014796,0</LocalStat>
            <LocalStat>19,138,4,13,4,185.6,0.044872,0</LocalStat>
         </Business>
      </Domain>
   </Data>
</Report>