scene
<?xml version="1.0" encoding="UTF-8"?>
<Player player="3510" label="Cal Scene" interactive="0" mimeType="Json.calendar" id="YmxvY2tpZDgy">
   <Data>
      <Layout rotation="0" x="0" y="0" width="400" height="400" />
      <Scene defaultDuration="10">
         <Layout>
            <BasicLayout />
         </Layout>
         <Players>
            <Player player="4310" label="JSON Item" interactive="0" id="YmxvY2tpZDgz">
               <Data>
                  <Layout rotation="0" x="58" y="103" width="100" height="100" />
                  <XmlItem fieldName="summary" fieldType="text">
                     <Font fontSize="16" fontColor="65280" fontFamily="Arial" fontWeight="normal" fontStyle="normal" textDecoration="none" textAlign="left" />
                  </XmlItem>
               </Data>
            </Player>
            <Player player="4310" label="JSON Item" interactive="0" id="YmxvY2tpZDg0">
               <Data>
                  <Layout rotation="0" x="145" y="234" width="100" height="100" />
                  <XmlItem fieldName="endDateTime_time" fieldType="date" dateFormat="MM/DD/YY">
                     <Font fontSize="16" fontColor="65280" fontFamily="Arial" fontWeight="normal" fontStyle="normal" textDecoration="none" textAlign="left" />
                  </XmlItem>
               </Data>
            </Player>
            <Player player="4310" label="JSON Item" interactive="0" id="YmxvY2tpZDg1">
               <Data>
                  <Layout rotation="0" x="245" y="67" width="100" height="100" />
                  <XmlItem fieldName="startDateTime_time" fieldType="date" dateFormat="MM/DD/YY">
                     <Font fontSize="16" fontColor="65280" fontFamily="Arial" fontWeight="normal" fontStyle="normal" textDecoration="none" textAlign="left" />
                  </XmlItem>
               </Data>
            </Player>
            <Player player="4310" label="JSON Item" interactive="0" id="YmxvY2tpZDg2">
               <Data>
                  <Layout rotation="0" x="19" y="259" width="100" height="100" />
                  <XmlItem fieldName="organizerEmail" fieldType="text">
                     <Font fontSize="16" fontColor="65280" fontFamily="Arial" fontWeight="normal" fontStyle="normal" textDecoration="none" textAlign="left" />
                  </XmlItem>
               </Data>
            </Player>
         </Players>
      </Scene>
   </Data>
</Player>




<?xml version="1.0" encoding="UTF-8"?>
<Player player="4310" label="JSON Item" interactive="0" id="YmxvY2tpZDgz">
   <Data>
      <Layout rotation="0" x="58" y="103" width="100" height="100" />
      <XmlItem fieldName="summary" fieldType="text">
         <Font fontSize="16" fontColor="65280" fontFamily="Arial" fontWeight="normal" fontStyle="normal" textDecoration="none" textAlign="left" />
      </XmlItem>
   </Data>
</Player>



Player
<?xml version="1.0" encoding="UTF-8"?>
<Player player="6020" label="" interactive="0">
   <Data>
      <Json providerType="calendar" itemsPath="" slideShow="1" itemInterval="5" playVideoInFull="1" randomOrder="1">
         <Player src="45" hDataSrc="16" />
         <Data token="22222222222222222222" mode="offset" before="3" after="6" startDate="1449691200000" endDate="1450209600000" />
      </Json>
   </Data>
</Player>



player
<?xml version="1.0" encoding="UTF-8"?>
<Player player="6020" label="" interactive="0">
   <Data>
      <Json providerType="calendar" itemsPath="" slideShow="1" itemInterval="5" playVideoInFull="1" randomOrder="1">
         <Player src="45" hDataSrc="16" />
         <Data token="uuuuuuuuuuuuuuuuu" mode="fixed" startDate="1450382400000" endDate="1452974400000" />
      </Json>
   </Data>
</Player>



<?xml version="1.0" encoding="UTF-8"?>
<Player player="6020" label="" interactive="0">
   <Data>
      <Json providerType="calendar" itemsPath="" slideShow="1" itemInterval="5" playVideoInFull="1" randomOrder="1">
         <Player src="45" hDataSrc="16" />
         <Data token="8c0f2d56-e77c-4977-8433-b3ba99a7eb4b" mode="offset" before="3" after="6" startDate="1449691200000" endDate="1450209600000" id="#contacts@group.v.calendar.google.com" />
      </Json>
   </Data>
</Player>
