<?xml version="1.0" encoding="UTF-8"?>
<Player player="3510" label="collection scene" interactive="0" id="YmxvY2tpZDg3">
   <Data>
      <Layout rotation="0" x="0" y="0" width="400" height="400" />
      <Scene defaultDuration="10">
         <Layout>
            <BasicLayout />
         </Layout>
         <Players>
            <Player player="4100" label="Collection" interactive="0" id="YmxvY2tpZDg4">
               <Data>
                  <TransitionPool handle="0" />
                  <Layout rotation="0" x="92" y="81" width="100" height="100" />
                  <Collection mode="slideshow" duration="2">
                     <Page page="page1" type="resource">
                        <Player player="3130" id="YmxvY2tpZDg5">
                           <Data>
                              <Resource resource="21" hResource="0" />
                           </Data>
                        </Player>
                     </Page>
                     <Page page="page2" type="resource">
                        <Player player="3130" id="YmxvY2tpZDkw">
                           <Data>
                              <Resource resource="22" hResource="1" />
                           </Data>
                        </Player>
                     </Page>
                     <Page page="page3" type="resource">
                        <Player player="3130" id="YmxvY2tpZDkx">
                           <Data>
                              <Resource resource="24" hResource="3" />
                           </Data>
                        </Player>
                     </Page>
                     <Page page="page4" type="resource">
                        <Player player="3130" id="YmxvY2tpZDky">
                           <Data>
                              <Resource resource="25" hResource="4" />
                           </Data>
                        </Player>
                     </Page>
                  </Collection>
               </Data>
            </Player>
         </Players>
      </Scene>
   </Data>
</Player>