<?xml version="1.0" encoding="UTF-8"?>
<Player player="3510" label="Sheets" interactive="0" mimeType="Json.spreadsheet" id="YmxvY2tpZDI2">
   <Data>
      <Layout rotation="0" x="0" y="0" width="400" height="400" />
      <Scene defaultDuration="10">
         <Layout>
            <BasicLayout />
         </Layout>
         <Players>
            <Player player="4310" label="JSON Item" interactive="0" id="YmxvY2tpZDI3">
               <Data>
                  <Layout rotation="0" x="64" y="94" width="249" height="79" />
                  <XmlItem fieldName="$cells.13.4.value" fieldType="text">
                     <Font fontSize="14" fontColor="204" fontFamily="Arial" fontWeight="bold" fontStyle="normal" textDecoration="none" textAlign="left" />
                  </XmlItem>
               </Data>
            </Player>
         </Players>
      </Scene>
   </Data>
</Player>