scene:
<?xml version="1.0" encoding="UTF-8"?>
<Player player="3510" label="insat feed" interactive="0" mimeType="Json.instagram.feed" id="YmxvY2tpZDc3">
   <Data>
      <Layout rotation="0" x="0" y="0" width="400" height="400" />
      <Scene defaultDuration="10">
         <Layout>
            <BasicLayout />
         </Layout>
         <Players>
            <Player player="4310" label="JSON Item" interactive="0" id="YmxvY2tpZDc4">
               <Data>
                  <Layout rotation="0" x="54" y="48" width="100" height="100" />
                  <XmlItem fieldName="title" fieldType="text">
                     <Font fontSize="16" fontColor="65280" fontFamily="Arial" fontWeight="normal" fontStyle="normal" textDecoration="none" textAlign="left" />
                  </XmlItem>
               </Data>
            </Player>
            <Player player="4310" label="JSON Item" interactive="0" id="YmxvY2tpZDc5">
               <Data>
                  <Layout rotation="0" x="30" y="198" width="100" height="100" />
                  <XmlItem fieldName="video" fieldType="resource" maintainAspectRatio="0" />
               </Data>
            </Player>
            <Player player="4310" label="JSON Item" interactive="0" id="YmxvY2tpZDgw">
               <Data>
                  <Layout rotation="0" x="218" y="36" width="100" height="100" />
                  <XmlItem fieldName="urlImage" fieldType="resource" maintainAspectRatio="0" />
               </Data>
            </Player>
         </Players>
      </Scene>
   </Data>
</Player>

player:
<?xml version="1.0" encoding="UTF-8"?>
<Player player="6050" iconName="player6050Icon" label="">
   <Data>
      <Json providerType="instagram.feed">
         <Player src="43" hDataSrc="15" />
      </Json>
   </Data>
</Player>