<?xml version="1.0" encoding="UTF-8"?>
<Player player="3510" label="vanilla json" interactive="0" id="YmxvY2tpZDM3">
   <Data>
      <Appearance alpha="1.0" blendMode="normal" />
      <Border borderThickness="0" borderColor="65535" cornerRadius="0" />
      <Layout rotation="0" x="0" y="0" width="600" height="400" />
      <Scene defaultDuration="10">
         <Layout>
            <BasicLayout />
         </Layout>
         <Players>
            <Player player="4310" label="vanilla json" interactive="0" id="YmxvY2tpZDM4">
               <Data>
                  <Appearance alpha="1.0" blendMode="normal" />
                  <Background style="Gradient" gradientType="linear" angle="0" offsetX="0" offsetY="0">
                     <GradientPoints>
                        <Point color="4361162" opacity="1" midpoint="125" />
                     </GradientPoints>
                  </Background>
                  <Border borderThickness="0" borderColor="65535" cornerRadius="0" />
                  <Layout rotation="0" x="108" y="84" width="100" height="100" />
                  <XmlItem fieldName="$cells.6.3.value" fieldType="text" maintainAspectRatio="0">
                     <Font fontSize="12" fontColor="0" fontFamily="Astron Boy Video" fontWeight="normal" fontStyle="normal" textDecoration="underline" textAlign="center" />
                  </XmlItem>
               </Data>
            </Player>
         </Players>
      </Scene>
   </Data>
</Player>