<?xml version="1.0" encoding="UTF-8"?>
<Player player="3510" label="json scene" interactive="0" id="YmxvY2tpZDY3">
   <Data>
      <Layout rotation="0" x="0" y="0" width="400" height="400" />
      <Scene defaultDuration="10">
         <Layout>
            <BasicLayout />
         </Layout>
         <Players>
            <Player player="4310" label="JSON Item" interactive="0" id="YmxvY2tpZDY4">
               <Data>
                  <Layout rotation="0" x="36" y="38" width="307" height="51" />
                  <XmlItem fieldName="text" fieldType="text">
                     <Font fontSize="16" fontColor="6710886" fontFamily="Arial" fontWeight="normal" fontStyle="normal" textDecoration="none" textAlign="left" />
                  </XmlItem>
               </Data>
            </Player>
            <Player player="4310" label="JSON Item" interactive="0" id="YmxvY2tpZDY5">
               <Data>
                  <Layout rotation="0" x="166" y="202" width="100" height="100" />
                  <XmlItem fieldName="someResource" fieldType="resource" maintainAspectRatio="0" />
               </Data>
            </Player>
            <Player player="4310" label="JSON Item" interactive="0" id="YmxvY2tpZDcw">
               <Data>
                  <Layout rotation="0" x="36" y="202" width="100" height="100" />
                  <XmlItem fieldName="title" fieldType="date" dateFormat="YY/EE">
                     <Font fontSize="16" fontColor="65280" fontFamily="Arial" fontWeight="normal" fontStyle="normal" textDecoration="none" textAlign="left" />
                  </XmlItem>
               </Data>
            </Player>
         </Players>
      </Scene>
   </Data>
</Player>