<?xml version="1.0" encoding="UTF-8"?>
<Player player="3510" label="WeatherScene" interactive="0" mimeType="Json.weather" id="YmxvY2tpZDY3">
   <Data>
      <Layout rotation="0" x="0" y="0" width="900" height="400" />
      <Scene defaultDuration="10">
         <Layout>
            <BasicLayout />
         </Layout>
         <Players>
            <Player player="4310" label="JSON Item" interactive="0" id="YmxvY2tpZDY4">
               <Data>
                  <Layout rotation="0" x="0" y="0" width="100" height="100" />
                  <XmlItem fieldName="$[0].data.current_condition[0].iconPath" fieldType="resource" maintainAspectRatio="0" />
               </Data>
            </Player>
            <Player player="4310" label="JSON Item" interactive="0" id="YmxvY2tpZDY5">
               <Data>
                  <Layout rotation="0" x="100" y="0" width="100" height="100" />
                  <XmlItem fieldName="$[0].data.current_condition[0].temp_@" fieldType="text">
                     <Font fontSize="16" fontColor="65280" fontFamily="Arial" fontWeight="normal" fontStyle="normal" textDecoration="none" textAlign="left" />
                  </XmlItem>
               </Data>
            </Player>
            <Player player="4310" label="JSON Item" interactive="0" id="YmxvY2tpZDcw">
               <Data>
                  <Layout rotation="0" x="0" y="231" width="100" height="100" />
                  <XmlItem fieldName="$[0].data.weather[0].day" fieldType="text">
                     <Font fontSize="16" fontColor="65280" fontFamily="Arial" fontWeight="normal" fontStyle="normal" textDecoration="none" textAlign="left" />
                  </XmlItem>
               </Data>
            </Player>
            <Player player="4310" label="JSON Item" interactive="0" id="YmxvY2tpZDcx">
               <Data>
                  <Layout rotation="0" x="227" y="131" width="100" height="100" />
                  <XmlItem fieldName="$[0].data.weather[0].maxtemp@" fieldType="text">
                     <Font fontSize="16" fontColor="65280" fontFamily="Arial" fontWeight="normal" fontStyle="normal" textDecoration="none" textAlign="left" />
                  </XmlItem>
               </Data>
            </Player>
            <Player player="4310" label="JSON Item" interactive="0" id="YmxvY2tpZDcy">
               <Data>
                  <Layout rotation="0" x="247" y="0" width="100" height="100" />
                  <XmlItem fieldName="$[0].data.current_condition[0].humidity" fieldType="text">
                     <Font fontSize="16" fontColor="65280" fontFamily="Arial" fontWeight="normal" fontStyle="normal" textDecoration="none" textAlign="left" />
                  </XmlItem>
               </Data>
            </Player>
            <Player player="4310" label="JSON Item" interactive="0" id="YmxvY2tpZDcz">
               <Data>
                  <Layout rotation="0" x="0" y="131" width="100" height="100" />
                  <XmlItem fieldName="$[0].data.weather[0].iconPath" fieldType="resource" maintainAspectRatio="0" />
               </Data>
            </Player>
            <Player player="4310" label="JSON Item" interactive="0" id="YmxvY2tpZDc0">
               <Data>
                  <Layout rotation="0" x="100" y="131" width="100" height="100" />
                  <XmlItem fieldName="$[0].data.weather[0].mintemp@" fieldType="text">
                     <Font fontSize="16" fontColor="65280" fontFamily="Arial" fontWeight="normal" fontStyle="normal" textDecoration="none" textAlign="left" />
                  </XmlItem>
               </Data>
            </Player>
            <Player player="4310" label="JSON Item" interactive="0" id="YmxvY2tpZDc1">
               <Data>
                  <Layout rotation="0" x="113" y="231" width="100" height="100" />
                  <XmlItem fieldName="$[0].data.weather[1].iconPath" fieldType="resource" maintainAspectRatio="0" />
               </Data>
            </Player>
            <Player player="4310" label="JSON Item" interactive="0" id="YmxvY2tpZDc2">
               <Data>
                  <Layout rotation="0" x="270" y="250" width="100" height="100" />
                  <XmlItem fieldName="$[0].data.weather[1].mintemp@" fieldType="text">
                     <Font fontSize="16" fontColor="65280" fontFamily="Arial" fontWeight="normal" fontStyle="normal" textDecoration="none" textAlign="left" />
                  </XmlItem>
               </Data>
            </Player>
            <Player player="4310" label="JSON Item" interactive="0" id="YmxvY2tpZDc3">
               <Data>
                  <Layout rotation="0" x="0" y="350" width="100" height="48" />
                  <XmlItem fieldName="$[0].data.weather[1].maxtemp@" fieldType="text">
                     <Font fontSize="16" fontColor="65280" fontFamily="Arial" fontWeight="normal" fontStyle="normal" textDecoration="none" textAlign="left" />
                  </XmlItem>
               </Data>
            </Player>
            <Player player="4310" label="JSON Item" interactive="0" id="YmxvY2tpZDc4">
               <Data>
                  <Layout rotation="0" x="678" y="31" width="100" height="100" />
                  <XmlItem fieldName="link" fieldType="resource" maintainAspectRatio="0" />
               </Data>
            </Player>
            <Player player="4310" label="JSON Item" interactive="0" id="YmxvY2tpZDc5">
               <Data>
                  <Layout rotation="0" x="678" y="168" width="100" height="100" />
                  <XmlItem fieldName="$image_url_75x75" fieldType="resource" maintainAspectRatio="0" />
               </Data>
            </Player>
            <Player player="4310" label="JSON Item" interactive="0" id="YmxvY2tpZDgw">
               <Data>
                  <Layout rotation="0" x="678" y="288" width="100" height="100" />
                  <XmlItem fieldName="$birth_month" fieldType="text">
                     <Font fontSize="16" fontColor="65280" fontFamily="Arial" fontWeight="normal" fontStyle="normal" textDecoration="none" textAlign="left" />
                  </XmlItem>
               </Data>
            </Player>
         </Players>
      </Scene>
   </Data>
</Player>

